"Picasso, Pablo"
"Castillo, Adolfo"
"Scheinfurth, A. C."
"Brown, A. Page"
"Maietta, Aaron"
"Morse, Aaron"
"Braun, Adolphe"
"Crane, Adrianne"
"Gagnon, Adrienne"
"Consey, Kevin"
"Cote, Alan"
"Goodman, Alan"
"Rice, Alan Juel"
"Scarritt, Alan"
"Shields, Alan"
"Plaza, Albert"
"Pope, Alexander"
"Smith, Alexis"
"Young, Alfred"
"Efimova, Alla"
"Duskin, Alvin"
"Fox, Marsha"
"Light, Alvin"
"Levine, Marilyn"
"Mesa-Bains, Amalia"
"Wulffen, Amelie von"
"Cutler, Amy"
"Tuttle, Frank"
"Wronski, Helena"
"Ballaine, Jerrold"
"Shin, Kyungmi"
"Zhang, Miaoyan"
"Windsor, Paul Clarkson"
"Zogbaum, William"
"Korsts, Anda"
"Miller-Keller, Andrea"
"Hamilton, Ann"
"McCoy, Ann"
"Shapiro, Ann"
"DeLéon, Anna"
"Poirier, Anne"
"Poirier, Patrick"
"Peet, Anne"
"Coleman, Anthony L."
"Horvath, Anya"
"DiQuinzio, Apsara"
"Acton, Arlo"
"Okamura, Arthur"
"Desmond, Barbara"
"Howard, Barbara"
"Bailey, Barney"
"Lopez, Bea"
"Maybeck, Bernard Ralph"
"Strange, Betsey Joan"
"Kano, Betty Nobue"
"Morison, Bill"
"Osmun, Bill"
"Gutierrez, Blanca Florencia"
"Anderson, Bob"
"Baskin, Bonnie"
"Earls, Bonnie"
"Pitman, Bonnie"
"Lee, Bovey"
"Richardson, Brenda"
"Margolies, John"
"Simon, Brett"
"Mealins, Brian"
"Tripp, Brian"
"Marden, Brice"
"Conner, Bruce"
"Johnson, Bruce"
"Lauritzen, Bruce"
"Wolfe, Byron"
"Lopez, Candelario Medrano"
"Dern, Carl"
"Chavez, Carlos"
"Loarca, Carlos G."
"Gutierrez-Solana, Carlos"
"Fremlin, Carol"
"Sewart, Carol J."
"Wolf, Carol"
"Austin, Carole"
"Milgrim, Charlene"
"Linder, Charles"
"Mattox, Charles"
"Strong, Charles"
"Fong, Chen Fong"
"Raciti, Cherie"
"Jr., Chester Higgins"
"Gilbert, Chris"
"Nelson, Chris"
"Carter, Christopher"
"Schramm, Christopher"
"Wilhelm, Christopher"
"Close, Chuck"
"Campusano, Chuy"
"Cotts, Claire B."
"Hirst, Claude Taguet"
"Viallat, Claude"
"Valdes, Claudia"
"Papanikolas, Cleo"
"Darke, Colin"
"Lewallen, Constance"
"Mendez, Consuelo"
"Semien, Cynthia Ann"
"Imhoff, Cynthia"
"Ake, Dan"
"Galvez, Daniel"
"Kelly, Daniel"
"Solomon, Dara"
"Robleto, Dario"
"Sapien, Darryl"
"Siqueiros, David Alfaro"
"Askevold, David"
"Boriani, David"
"Diao, David"
"Fogler, David"
"Gilhooly, David"
"Hering, David"
"Ireland, David"
"Lurie, David"
"Mackenzie, David"
"Maclay, David"
"Perez, David"
"Ross, David"
"Beard, Dena"
"Oppenheim, Dennis"
"Gomez, Derrick"
"Holman, Desirée Arlette"
"Craft, Diana"
"Thater, Diana"
"Rivera, Diego"
"Potts, Don"
"Reid, Dorothy"
"Robinson, Dorothy"
"Kashi, Ed"
"Ruscha, Ed"
"Kramer, Edith"
"Goodes, Edward A."
"Elmer, Edwin Romanzo"
"Antin, Eleanor"
"Goldstein, Elise"
"Cahill, Elise GoldsteinJames"
"Demaray, Elizabeth"
"Razzano, Elizabeth"
"Shipley, Elizabeth"
"Thomas, Elizabeth"
"Russell, Ellen"
"Bischoff, Elmer"
"Prince, Emily"
"II, Emmanuel Montoyo"
"Amoy, Eric"
"Cosby, Erika"
"Coxhead, Ernest"
"Erró,"
"Vecsey, Esther de"
"Wyler, Eva"
"Jr., F. Danton"
"Gwazda, Farley"
"Martin, Fergus"
"Chiosain, Fionnuala Ni"
"Benton, Fletcher"
"Camplis, Francisco X."
"Williams, Franklin"
"Rouan, François"
"Martin, Fred"
"Raugh, Fritz"
"Sterling, Gail"
"Wagner, Gale E."
"Bogus, Gary"
"Blum, Gary Edward"
"Molitor, Gary"
"Turitz, Gene"
"Cope, George"
"Herms, George"
"Miller, George"
"Rickey, George"
"Segal, George"
"Graevenitz, Gerhard von"
"Colombo, Gianni"
"Aillaud, Gilles"
"Wolfe-Suarez, Ginger"
"Jampol, Glenn"
"Garaventa, Gloria"
"Maya, Gloria"
"Lopez, Graciela Carillo"
"Renfrow, Gregg"
"Weiss, Gregor"
"Wescott, Gregory"
"Pulido, Guillermo"
"Williams, Guy"
"Titus-Carmel, Gérard"
"Haacke, Hans"
"Paris, Harold"
"Fonseca, Harry"
"Kramer, Harry"
"Jacobson, Heidi Zuckerman"
"Mack, Heinz"
"Alexander, Henry"
"Jacobs, Henry"
"Hopkins, Henry T."
"Futterman, Hilla"
"Herbert, Holden"
"Peterson, Holly Howell"
"Fried, Howard"
"Pollock, Ian"
"Cunningham, Imogen"
"Morre, Indira Martina"
"Perez, Irene"
"Manglano-Ovalle, Iñigo"
"Baas, Jacquelynn"
"Baas, Jackie"
"Gong, Stephen"
"Cahill, James"
"Elliott, James"
"Melchert, James"
"Morrison, James"
"Pomeroy, James"
"Prestini, James"
"Steward, James"
"Dillenberger, Jane"
"Silk, Janet"
"Novak, Jani"
"Byers, Jason"
"Knapp, Jason"
"Wright, Jason"
"Heminway, Jay"
"LaMarr, Jean"
"Linder, Jean"
"Tinguely, Jean"
"Chalfant, Jefferson David"
"King, Jeffrey"
"Anderson, Jeremy"
"Ballaine, Jerrold"
"Carniglia, Jerry"
"Jess,"
"Goldberg, Jim"
"Song, Jin"
"Ford, Jo"
"Walters, Jo"
"Brown, Joan"
"Snyder, Joan"
"Williams, Joanna"
"Altoon, John"
"Baldessari, John"
"Buck, John"
"Fernie, John C."
"Coplans, John"
"Francis, John F."
"Fernie, John"
"Peto, John Frederick"
"Howard, John Galen"
"Gillen, John"
"Haberle, John"
"Michellini, John"
"O'Malley, John"
"Woodall, John"
"Orozco, Jose Clemente"
"Decker, Joseph"
"Goldyne, Joseph"
"Goldyne, Joseph R."
"Worcestor, Joseph"
"Young, Joshua"
"Burciaga, José Antonio"
"Bustos, José Maria"
"Ramirez, José"
"Romero, José"
"Feinberg, Joy"
"Garza, Juan"
"Fuentes, Juan R."
"Morgan, Julia"
"White, Julia"
"Tancill, Juliette A."
"Maria, Kara"
"Tsujimoto, Karen"
"Andersson, Karin Mamma"
"Shozawa, Katherine"
"Geritz, Kathy"
"Goodell, Kathy"
"Boadwee, Keith"
"Myatt, Kenneth"
"Price, Kenneth"
"Werner, Kenneth"
"Hodgetts, Kent"
"Bean, Kevin"
"Costello, Kevin"
"Oppenheimer, Kirsten Bahrs Janssen Geof"
"Aleshire, Larry"
"Rinder, Larry"
"Greig, Laura Britt"
"Reid, Laurie"
"Rinder, Lawrence"
"Elliott, Lawrence RinderJames"
"Lye, Len"
"III, Leonard L. Hunter"
"Levine, Les"
"Cooke, Liadin"
"Montano, Linda"
"Trauth, Linda"
"Perez, Lisa Ann"
"Lucero, Llinda"
"Freeman, Lois"
"Bozung, Loretta"
"Foot, Louiethe"
"Bourgeois, Louise"
"Barnes, Lucinda"
"Snow, Lucy C."
"Greer, Lydia"
"Whitson, Lynn J."
"Kimura, Lynne"
"Shellaby, Madelaine"
"Nieto, Madeline"
"Kudo, Makiko"
"Neri, Manuel"
"Villamor, Manuel"
"Treib, Marc"
"ERRE, Marco Ramírez"
"Neacsu, Maria"
"Pinedo, Maria Vita"
"Graybill, Maribeth"
"Rodriguez, Mark A."
"Dion, Mark"
"Grotjahn, Mark"
"Klett, Mark"
"Petr, Mark"
"Rosenthal, Mark"
"Westover, Marla Katz"
"Westover, Marla"
"Young, Marnin"
"Moberly, Marsha"
"Weidner, Marsha"
"Colburn, Martha"
"Heade, Martin Johnson"
"Nguyen, Martin Lam"
"Rose, Mary Anne"
"Dean, Mary Jane"
"Crawley, Mathew"
"Mack, Meg"
"Henderson, Mel"
"Broberg, Meredith"
"Auping, Michael"
"Floss, Michael"
"Higuera, Michael"
"Krup, Michael"
"Spexarth, Michael"
"Blanco, Miguel"
"Rios, Mike"
"Roddy, Mike"
"Yoshimoto, Miki"
"Ramsey, Milne"
"Bryant, Monica"
"Black, Montero"
"Collective, Motion: The Women’s Performing"
"Baden, Mowry"
"Blanchard, Nancy"
"Graves, Nancy"
"Bieser, Natalie"
"Oliveira, Nathan"
"Sinton, Nell"
"Lee, Nikki S."
"Hubbs, Nina"
"Floss, Nina HubbsMichael"
"Katchadourian, Nina"
"Bellisio, Nina Lynn"
"Zurier, Nina"
"Wisdom, Norton"
"Plender, Olivia"
"Melara, Oscar"
"Klein, Pat"
"Berger, Patricia"
"Esquivias, Patricia"
"Maloney, Patricia"
"Rodriguez, Patricia"
"Humble, Patrick"
"Kos, Paul"
"McCarthy, Paul"
"Berthot, Paul WonnerJake"
"Haller, Paula"
"hu, Pery W."
"Bocour, Peter"
"Saul, Peter"
"Selz, Peter"
"Veres, Peter"
"Voulkos, Peter"
"Chan, Phil"
"Pirotte, Philippe"
"Stern, Pia Renata"
"Bury, Pol"
"Philips, Rachel"
"Maradiaga, Ralph"
"Bravo, Ramon"
"Peale, Raphaelle"
"Holbert, Ray"
"Patlán, Raymond"
"Nevel, RaymondS."
"Solnit, Rebecca"
"Williams, Reese"
"Williams, Reeses"
"Delores, Renée"
"Favela, Ricardo"
"Menendez, Ricardo"
"Alpert, Richard"
"Berger, Richard"
"Diebenkorn, Richard"
"Gorman, Richard"
"Jackson, Richard"
"Goodwin, Richard LaBarre"
"Rinehart, Richard"
"Lebrun, Riclo"
"23, Rigo"
"Arneson, Robert"
"Breer, Robert"
"Cumming, Robert"
"Drago, Robert"
"Enders, Robert"
"Hudson, Robert"
"Johnson, Robert"
"Kinmont, Robert"
"Mapplethorpe, Robert"
"Watts, Robert"
"Kaneshiro, Robin"
"Barnett, Roff"
"Cárdenas, Rogelio"
"Worthington, Roland"
"Linden, Ron"
"Khor, Rosalynn"
"Forest, Roy De"
"Stevenson, Roy"
"Peale, Rubens"
"Serra, Rudy"
"Garcia, Rupert"
"Anderson, Ruth"
"Westover, Ruth AndersonMarla Katz"
"Armer, Ruth"
"Lewis, Róisín"
"Harlow, S. E."
"Francis, Sam"
"McAfee, Sam"
"Richardson, Sam"
"Bright, Sara"
"Charlesworth, Sarah"
"McCaw, Chris"
"Leek, Saskia"
"Bell, Scott"
"Newkirk, Scott"
"Rankin, Scrott"
"Roesen, Severin"
"Ghidini, Sheila"
"Keppel, Sheila"
"Losito, Sheila KeppelJohn"
"Kepppel, Sheila"
"Goodman, Sherry"
"Carter, Shirley"
"Armajani, Siah"
"Stich, Sidra"
"Choi, Sook Im"
"Staff,"
"Johnson, Stephanie Anne"
"Cannizzo, Stephanie"
"Sanchez, Stephanie"
"Davis, Stephen A."
"Laub, Stephen"
"MacDonald, Steve"
"Seid, Steve"
"Polacco, Steven"
"Sugarman, Stuart"
"Bitney, Sue"
"Taylor, Sunaura"
"King, Susan"
"Rannells, Susan"
"Teicholz, Susan"
"Whyne, Susan"
"McMahon, Susuan"
"Takis,"
"Odza, Ted"
"Cohn, Terri"
"Fox, Terry"
"Martin, Thad"
"Cha, Theresa Hak Kyung"
"Factor, Tia"
"Hower, Timothy"
"Lynn, Timothy R."
"Holland, Tom"
"Machado, Tony"
"Wong, Tony"
"Miller, Tracy"
"Cooper, Trina"
"Vonna-Mitchell, Tris"
"Gerlach, Tyrus"
"seminar, UCB"
"Schneider, Ursula"
"Terrazas, Veronica Duarte"
"Cohen-Stuart, Victor"
"Dubreuil, Victor"
"Lynch, Vince"
"Rascon, Vincent P."
"Combe, Voltaire"
"Esteva, Waldo"
"Jepson, Warner"
"Campbell, Wayne E."
"Thiebaud, Wayne"
"Shi, Wenhua"
"Castaño, Wilfredo Q"
"Sasnal, Wilhelm"
"Allan, William"
"Duval, William"
"Geis, William"
"Yates, William Henry"
"Davis, William M."
"McKeown, William"
"Harnett, William Michael"
"Morehouse, William"
"Wiley, William T."
"Wareham, William"
"Wegman, William"
"Nevel, Xochitl"
"Bing, Xu"
